,website,iso,domain
0,http://yourlust.com,US,yourlust.com
1,http://science-start.ru,RU,science-start.ru
2,http://jurus.net,US,jurus.net
3,http://ftleavenworthlamp.com,US,ftleavenworthlamp.com
4,http://elmhurst.edu,US,elmhurst.edu
5,http://timnews.com.br,US,timnews.com.br
6,http://mlb.com,US,mlb.com
7,http://merchantware.net,US,merchantware.net
8,http://freeperfectmoney.top,US,freeperfectmoney.top
9,http://gatewaysystemtech.com,US,gatewaysystemtech.com
10,http://np-sr.ru,RU,np-sr.ru
11,http://thewholesomedish.com,US,thewholesomedish.com
12,http://loopaddon.uk,US,loopaddon.uk
13,http://inspiration.com,US,inspiration.com
14,http://simplyconvert.com,US,simplyconvert.com
15,http://introvertype.com,US,introvertype.com
16,http://alsioman.com,US,alsioman.com
17,http://diariodosudoeste.com.br,BR,diariodosudoeste.com.br
18,http://teamskeetimages.com,US,teamskeetimages.com
19,http://prontonames.com,US,prontonames.com
20,http://educopia.org,US,educopia.org
21,http://itop-gear.ru,RU,itop-gear.ru
22,http://3ebra.com,RU,3ebra.com
23,http://flyin.com,US,flyin.com
24,http://gocase.com,US,gocase.com
25,http://spbsg.com,US,spbsg.com
26,http://dr-80.com,US,dr-80.com
27,http://healthwellnessreview.com,US,healthwellnessreview.com
28,http://bot.nu,US,bot.nu
29,http://xn--74-9kca9a2i.xn--p1ai,RU,xn--74-9kca9a2i.xn--p1ai
30,http://eaglebrand.com,US,eaglebrand.com
31,http://tela.com,US,tela.com
32,http://adelaidelift.com,US,adelaidelift.com
33,http://newsifier.com,US,newsifier.com
34,http://myquadmedical.com,US,myquadmedical.com
35,http://ktvl.com,US,ktvl.com
36,http://go64.ru,RU,go64.ru
37,http://kairosplace.com,US,kairosplace.com
38,http://cne.gob.ec,US,cne.gob.ec
39,http://foodstampassistanceforyou.com,US,foodstampassistanceforyou.com
40,http://cockhero.info,US,cockhero.info
41,http://net92.ru,RU,net92.ru
42,http://questionprogov.com,US,questionprogov.com
43,http://neihana.com,US,neihana.com
44,http://fortheloveofhomeschooling.com,US,fortheloveofhomeschooling.com
45,http://tbdcdn.com,US,tbdcdn.com
46,http://onlinedeltazone.online,US,onlinedeltazone.online
47,http://prov.io,US,prov.io
48,http://sealswcc.com,US,sealswcc.com
49,http://sinastars.com,US,sinastars.com
50,http://go-star.com,US,go-star.com
51,http://cyclopaedia.net,US,cyclopaedia.net
52,http://apple.com.py,US,apple.com.py
53,http://pombaloka.com,US,pombaloka.com
54,http://yiptelecom.com.br,BR,yiptelecom.com.br
55,http://inasianspaces.com,US,inasianspaces.com
56,http://znachenieimeny.ru,RU,znachenieimeny.ru
57,http://fildenac.com,US,fildenac.com
58,http://scalypsecat.com,US,scalypsecat.com
59,http://gum.ru,RU,gum.ru
60,http://kalachinskzmb.ru,RU,kalachinskzmb.ru
61,http://calltrackingmetrics.com,US,calltrackingmetrics.com
62,http://dubizzle.com,US,dubizzle.com
63,http://nawindows7.ru,RU,nawindows7.ru
64,http://pinloker.com,US,pinloker.com
65,http://gtdflywan.com,US,gtdflywan.com
66,http://warofmyths.com,US,warofmyths.com
67,http://samag.ru,RU,samag.ru
68,http://essaywritersinusa.com,US,essaywritersinusa.com
69,http://allpro.com,US,allpro.com
70,http://miamidadeclerk.gov,US,miamidadeclerk.gov
71,http://apo.org,US,apo.org
72,http://sk-news.ru,RU,sk-news.ru
73,http://vibranthappyhealthy.com,US,vibranthappyhealthy.com
74,http://commbroker.com.au,US,commbroker.com.au
75,http://beaconadnetwork.com,US,beaconadnetwork.com
76,http://chinamartyrs.gov.cn,US,chinamartyrs.gov.cn
77,http://meti-agro.com,RU,meti-agro.com
78,http://krepezhinfo.ru,RU,krepezhinfo.ru
79,http://robinskaplan.com,US,robinskaplan.com
80,http://leicestershirevillages.com,US,leicestershirevillages.com
81,http://pharmacyonline.wiki,US,pharmacyonline.wiki
82,http://space-frontier.org,US,space-frontier.org
83,http://digiweb.ie,US,digiweb.ie
84,http://auscasinosites.com,US,auscasinosites.com
85,http://wingswest.com,US,wingswest.com
86,http://nashandnelson.com,US,nashandnelson.com
87,http://flccis.com,US,flccis.com
88,http://coinpot.in,US,coinpot.in
89,http://filmixhd.one,US,filmixhd.one
90,http://beachsmith.com,US,beachsmith.com
91,http://betwinner.zone,US,betwinner.zone
92,http://thoroughbredpeople.com,US,thoroughbredpeople.com
93,http://theandroidsoul.com,US,theandroidsoul.com
94,http://newjerseycriminallawattorney.com,US,newjerseycriminallawattorney.com
95,http://akcept.ru,RU,akcept.ru
96,http://riq0h.jp,US,riq0h.jp
97,http://electoral-vote.com,US,electoral-vote.com
98,http://winnipegfolkfestival.ca,US,winnipegfolkfestival.ca
99,http://baraaddiction.net,US,baraaddiction.net
100,http://appa.org,US,appa.org
101,http://mediachautari.com,US,mediachautari.com
102,http://iconmonstr.com,US,iconmonstr.com
103,http://123articleonline.com,US,123articleonline.com
104,http://lifeisfeudal.com,RU,lifeisfeudal.com
105,http://cotenyc.com,US,cotenyc.com
106,http://blackburn-pr.com,US,blackburn-pr.com
107,http://louzanillustrations.com.br,BR,louzanillustrations.com.br
108,http://exelixis.com,US,exelixis.com
109,http://mwcfcu.com,US,mwcfcu.com
110,http://senioradvisor.com,US,senioradvisor.com
111,http://gkb1.ru,RU,gkb1.ru
112,http://augmentin.business,US,augmentin.business
113,http://betheme.me,US,betheme.me
114,http://yxy.me,US,yxy.me
115,http://rutan.dev,US,rutan.dev
116,http://uptobox.eu,US,uptobox.eu
117,http://amongus-install.ru,RU,amongus-install.ru
118,http://uncoveringpa.com,US,uncoveringpa.com
119,http://krop.com,US,krop.com
120,http://cutoday.info,US,cutoday.info
121,http://steelguitarforum.com,US,steelguitarforum.com
122,http://deepthroatsirens.com,US,deepthroatsirens.com
123,http://amoxicillinr.com,US,amoxicillinr.com
124,http://radiomemory.com.br,US,radiomemory.com.br
125,http://sbtg.ru,RU,sbtg.ru
126,http://avenue.org,US,avenue.org
127,http://fromdomru.ru,RU,fromdomru.ru
128,http://business-host.ru,US,business-host.ru
129,http://figopetinsurance.com,US,figopetinsurance.com
130,http://nsdl.org,US,nsdl.org
131,http://foodincmovie.com,US,foodincmovie.com
132,http://oit.co.uk,US,oit.co.uk
133,http://vulkan777onlinee.click,US,vulkan777onlinee.click
134,http://naturabisse.com,US,naturabisse.com
135,http://skif.biz,RU,skif.biz
136,http://petitionproject.org,US,petitionproject.org
137,http://boxwoodavenue.com,US,boxwoodavenue.com
138,http://bluehawaiian.com,US,bluehawaiian.com
139,http://ka-advocates.co.ke,US,ka-advocates.co.ke
140,http://principle-it.com,US,principle-it.com
141,http://atlasrfidstore.com,US,atlasrfidstore.com
142,http://naaf.org,US,naaf.org
143,http://getreferralmd.com,US,getreferralmd.com
144,http://oeav-events.at,US,oeav-events.at
145,http://webley.com,US,webley.com
146,http://thetigernews.com,US,thetigernews.com
147,http://envycrm.com,RU,envycrm.com
148,http://tvr-ddns.net,US,tvr-ddns.net
149,http://tuallyenitwasbr.com,US,tuallyenitwasbr.com
150,http://pro-books.ru,RU,pro-books.ru
151,http://diminishfearsomecivilian.com,US,diminishfearsomecivilian.com
152,http://d4dj-groovy-mix.com,US,d4dj-groovy-mix.com
153,http://displayninja.com,US,displayninja.com
154,http://cecyteruiz.edu.mx,US,cecyteruiz.edu.mx
155,http://zoobank.org,US,zoobank.org
156,http://ofigenka.ru,RU,ofigenka.ru
157,http://theprairiehomestead.com,US,theprairiehomestead.com
158,http://apollo-magazine.com,US,apollo-magazine.com
159,http://stockinfocus.ru,RU,stockinfocus.ru
160,http://praludi.com,RU,praludi.com
161,http://harvestimaging.com,US,harvestimaging.com
162,http://reactome.org,US,reactome.org
163,http://lemonsquad.com,US,lemonsquad.com
164,http://viqtorysports.com,US,viqtorysports.com
165,http://matina-gmbh.de,US,matina-gmbh.de
166,http://palmspringsca.gov,US,palmspringsca.gov
167,http://mycloudreseller.com,US,mycloudreseller.com
168,http://krista.ru,RU,krista.ru
169,http://pinplayin2023.ru,US,pinplayin2023.ru
170,http://pl2offer.com,RU,pl2offer.com
171,http://appmaisters.com,US,appmaisters.com
172,http://labornotes.org,US,labornotes.org
173,http://starlightdrivein.com,US,starlightdrivein.com
174,http://infreco.com,US,infreco.com
175,http://mr.net,US,mr.net
176,http://nyam.org,US,nyam.org
177,http://profcosmetology.ru,RU,profcosmetology.ru
178,http://gentek.ca,US,gentek.ca
179,http://aimresponder.com,US,aimresponder.com
180,http://bcbe.org,US,bcbe.org
181,http://faceres.com.br,BR,faceres.com.br
182,http://zohocreator.com,US,zohocreator.com
183,http://watchesreplica.to,US,watchesreplica.to
184,http://unid.edu.mx,US,unid.edu.mx
185,http://charliesangelsparties.co.uk,US,charliesangelsparties.co.uk
186,http://signalrgb.com,US,signalrgb.com
187,http://ihealth-library.com,US,ihealth-library.com
188,http://fitchratings.ru,US,fitchratings.ru
189,http://nurasound.com,US,nurasound.com
190,http://gac.edu,US,gac.edu
191,http://happyfamilypharmacy.monster,US,happyfamilypharmacy.monster
192,http://promilesonline.com,US,promilesonline.com
193,http://southeastservers.com,US,southeastservers.com
194,http://propmix.io,US,propmix.io
195,http://blockzeit.com,US,blockzeit.com
196,http://nextbus.com,US,nextbus.com
197,http://malagalenguas.es,US,malagalenguas.es
198,http://gychevyplattsmouth.com,US,gychevyplattsmouth.com
199,http://bloggrowthengine.com,US,bloggrowthengine.com
200,http://bookermara.win,US,bookermara.win
201,http://impre.com,US,impre.com
202,http://superflychicken.com,US,superflychicken.com
203,http://onesourcecruises.com,US,onesourcecruises.com
204,http://superseriestv.com,US,superseriestv.com
205,http://everlast.com,US,everlast.com
206,http://chipotle.ca,US,chipotle.ca
207,http://wearethefirehouse.com,US,wearethefirehouse.com
208,http://magizoo.ru,RU,magizoo.ru
209,http://ice-profy.ru,RU,ice-profy.ru
210,http://toprise.ru,RU,toprise.ru
211,http://ped-kopilka.ru,RU,ped-kopilka.ru
212,http://100kupon.ru,RU,100kupon.ru
213,http://novosti-segodnya.ru,RU,novosti-segodnya.ru
214,http://windows-office.ru,RU,windows-office.ru
215,http://doleon.ru,RU,doleon.ru
216,http://power-solutions.ru,RU,power-solutions.ru
217,http://trado.ru,RU,trado.ru
218,http://kurgan-telecom.ru,RU,kurgan-telecom.ru
219,http://blogger.com.br,BR,blogger.com.br
220,http://sicoobcocred.com.br,BR,sicoobcocred.com.br
221,http://consulpam.com.br,BR,consulpam.com.br
222,http://politize.com.br,BR,politize.com.br
223,http://topserverbr12.com,BR,topserverbr12.com
224,http://salvador.ba.gov.br,BR,salvador.ba.gov.br
225,http://meudatacenter.com,BR,meudatacenter.com
226,http://ingesto.org.br,BR,ingesto.org.br
227,http://flechanet.com.br,BR,flechanet.com.br
228,http://abutres.com.br,BR,abutres.com.br
229,http://tecnet.net.br,BR,tecnet.net.br
230,http://stationfibra.com.br,BR,stationfibra.com.br
0,http://freshcasino532.com,NL,freshcasino532.com
1,http://pce.es,ES,pce.es
2,http://vinden.nl,NL,vinden.nl
3,http://ubitennis.com,IT,ubitennis.com
4,http://antibes-juanlespins.com,FR,antibes-juanlespins.com
5,http://magicmushroom.com,DE,magicmushroom.com
6,http://movieleatherjackets.com,GB,movieleatherjackets.com
7,http://mynet.id,SG,mynet.id
8,http://niras.dk,IE,niras.dk
9,http://mansionaffiliates.com,IE,mansionaffiliates.com
10,http://xn--9z2b27j8ogjpf.com,KR,xn--9z2b27j8ogjpf.com
11,http://zipdns.net,CA,zipdns.net
12,http://ctdns.uk,GB,ctdns.uk
13,http://samcloud.com,CA,samcloud.com
14,http://provider.pl,DE,provider.pl
15,http://ravirazh.ru,EE,ravirazh.ru
16,http://6moons.com,IE,6moons.com
17,http://duobuybuy.com,CN,duobuybuy.com
18,http://aph.com,GB,aph.com
19,http://growsimplee.com,IN,growsimplee.com
20,http://wavlist.com,DE,wavlist.com
21,http://uvex-safety.com,DE,uvex-safety.com
22,http://kwfrance.com,FR,kwfrance.com
23,http://trivago.se,PT,trivago.se
24,http://oliveandscout.com,CA,oliveandscout.com
25,http://kikiraracoffin.com,CA,kikiraracoffin.com
26,http://xhosting.ir,FR,xhosting.ir
27,http://jls.digital,FR,jls.digital
28,http://arsenal-mania.com,CZ,arsenal-mania.com
29,http://booksofwonder.com,CA,booksofwonder.com
30,http://ingenere.it,IT,ingenere.it
31,http://tekyhost.com,CA,tekyhost.com
32,http://5dh9n-azinomobile.host,GB,5dh9n-azinomobile.host
33,http://mucem.org,FR,mucem.org
34,http://oneboro.co.uk,CZ,oneboro.co.uk
35,http://cppe.ac.uk,GB,cppe.ac.uk
36,http://vape-shoper.ru,ES,vape-shoper.ru
37,http://tecnologiasimaginadas.com.pt,PT,tecnologiasimaginadas.com.pt
38,http://cavotec.com,IE,cavotec.com
39,http://shad.es,ES,shad.es
40,http://recursosdeautoayuda.com,ES,recursosdeautoayuda.com
41,http://inboxpress-au.com,IE,inboxpress-au.com
42,http://elnotario.es,ES,elnotario.es
43,http://zuvaj.sk,SK,zuvaj.sk
44,http://applixir.com,IE,applixir.com
45,http://duelhost.dk,ES,duelhost.dk
46,http://evenium.com,CH,evenium.com
47,http://doonamis.es,ES,doonamis.es
48,http://vectary.com,IE,vectary.com
49,http://maisonbible.ch,CH,maisonbible.ch
50,http://serlingosocial.es,ES,serlingosocial.es
51,http://justflight.com,IE,justflight.com
52,http://toras-systems.com,CZ,toras-systems.com
53,http://profik.cz,CZ,profik.cz
54,http://play.md,MD,play.md
55,http://serv.ge,GE,serv.ge
56,http://translate.ge,GE,translate.ge
